{"cameraMode":{"drawMode":0,"name":"Shaded","section":"Shading Mode"},"sceneLighting":true,"audioPlay":false,"sceneViewState":{"showFog":true,"showMaterialUpdate":false,"showSkybox":true,"showFlares":true,"showImageEffects":true,"showParticleSystems":true},"in2DMode":false,"pivot":{"x":12.640000343322754,"y":0.949999988079071,"z":-14.640000343322754},"rotation":{"x":0.09221431612968445,"y":-0.9077819585800171,"z":0.29159799218177798,"w":0.28708013892173769},"size":10.0,"orthographic":false}