{"cameraMode":{"drawMode":0,"name":"Shaded","section":"Shading Mode"},"sceneLighting":true,"audioPlay":false,"sceneViewState":{"showFog":true,"showMaterialUpdate":false,"showSkybox":true,"showFlares":true,"showImageEffects":true,"showParticleSystems":true},"in2DMode":false,"pivot":{"x":0.7248992323875427,"y":3.331875801086426,"z":6.567972183227539},"rotation":{"x":0.1513323038816452,"y":-0.5787203311920166,"z":0.1103389635682106,"w":0.7937310934066773},"size":1.4777944087982178,"orthographic":false}